nom,ville,duree,note,avis,prix
Siem Reap : Angkor Wat : visite en petit groupe au lever ou au coucher du soleil,Siem Reap,9.0,4.9,6779,13.0
Au départ de Siem Reap : Tour en bateau du village flottant de Kampong Phluk,Siem Reap,6.0,4.9,4952,17.0
Siem Reap : Visite de 2 jours à Angkor Wat avec lever et coucher de soleil,Siem Reap,48.0,4.9,3481,25.0
Phnom Penh : Les champs de la mort et le musée du génocide de Tuol Sleng,Phnom Penh,4.0,4.8,2613,16.0
"Battambang : Tuk-Tuk, train de bambou, grottes de Killing/Bat, coucher de soleil",Battambang,12.0,4.9,1030,8.0
Siem Reap : Visite Angkor 1 jour,Siem Reap,8.0,4.9,147,43.0
Phnom Penh : Croisière au coucher du soleil avec bières illimitées et buffet barbecue,Phnom Penh,1.5,4.5,817,8.0
Montagne Kulen : Visite en petit groupe et déjeuner pique-nique,Montagne Kulen,8.0,4.9,1177,41.0
Siem Reap : Kampong Phluk Floating Village Tour en bateau,Siem Reap,6.0,4.9,3013,16.0
"Siem Reap : excursion à la montagne Kulen, à Beng Mealea et au Tonlé Sap",Siem Reap,10.0,4.9,923,42.0
"Kampot : Visite d''une ferme de poivre, d''un champ de sel, d''une grotte et d''un lac secret",Kampot,5.0,4.9,286,20.0
Siem Reap : Visite d''une demi-journée du village flottant de Kompong Phluk,Siem Reap,6.0,4.8,906,20.0
Siem Reap : Spectacle d''Apsara avec dîner et prise en charge à l''hôtel,Siem Reap,2.0,4.6,758,19.0
Depuis Siem Reap : Expérience au Sanctuaire des Éléphants avec transferts,Siem Reap,3.5,5.0,163,84.0
Siem Reap : Visite privée en tuk-tuk d''Angkor Wat,Siem Reap,8.0,4.8,1512,14.0
"Siem Reap : Phare, le spectacle de cirque cambodgien Billets",Siem Reap,24.0,4.9,1517,15.0
Siem Reap : 1 journée d''excursion en groupe à Angkor Wat avec guide espagnol,Siem Reap,8.0,4.9,152,43.0
Phnom Penh à l''île de la soie en tuk-tuk avec un expert local,Phnom Penh,4.5,4.7,156,25.0
Siem Reap : visite guidée en groupe d''Angkor Wat au lever ou au coucher du soleil,Siem Reap,10.0,4.9,1779,11.0
"Siem Reap : Tonle Sap, Kampong Phluk et Village Flottant",Siem Reap,6.0,4.3,151,14.0
Transfert routier Phnom Penh - Siem Reap plus visites touristiques,Siem Reap,11.0,4.9,69,84.0
Siem Reap : visite d''Angkor Vat jounée avec coucher de soleil,Siem Reap,10.0,4.9,3360,13.0
Circuit en quad à la campagne à Siem Reap,Siem Reap,24.0,4.7,247,28.0
Siem Reap : Spectacle de danse Apsara et dîner avec prise en charge à l''hôtel.,Siem Reap,2.0,4.5,295,23.0
Excursion dans la forêt d''éléphants de Kulen avec prise en charge et retour à l''hôtel,Siem Reap,6.0,4.9,121,110.0
Visite privée d''une journée des temples d''Angkor au départ de Siem Reap,Siem Reap,7.0,4.9,39,22.0
"Phnom Penh : Palais Royal, S21, Killing Fields & More Tour",Phnom Penh,8.0,4.9,118,30.0
Kampot : visite d''une jounée à la campagne avec ferme de poivrons et Kep,Kampot,8.0,4.9,144,22.0
Angkor Wat 2 jours complexe Lever et coucher du soleil avec visite guidée,Siem Reap,48.0,4.9,297,26.0
Mont Oudong - Ancienne capitale de Phnom Penh - Visite privée d''une journée,Phnom Penh,24.0,4.8,84,34.0
Kampot : excursion sur le mont Bokor avec des habitants,Kampot,5.0,4.6,76,24.0
Siem Reap : Lever de soleil sur Angkor Wat et visite touristique d''une journée,Siem Reap,10.0,4.9,2046,11.0
Preah Vihear : Visite d''une jounée de Preah Vihear et du temple de Koh Ker,Preah Vihear,11.0,4.9,263,85.0
Siem Reap : Journée complète au temple d''Angkor Wat avec coucher de soleil,Siem Reap,10.0,5.0,1344,24.0
Siem Reap Floating Village Kampong Phluk Sunset with Boat (coucher de soleil en bateau),Siem Reap,5.0,4.9,1044,14.0
Visite de la ferme de soie Lotus à Siem Reap avec prise en charge en centre-ville,Siem Reap,1.6666666666666667,4.8,68,9.0
Siem Reap : Lotus Silk Farm - Visite guidée et 3 ateliers d''artisanat,Siem Reap,2.0,4.9,37,26.0
"Spectacle d''Apsara avec dîner, prise en charge et retour inclus.",Siem Reap,2.5,4.6,29,19.0
"Angkor, une montgolfière étonnante",Siem Reap,0.5,4.4,62,149.0
Phnom Penh : visite de la ville et de l''île de la Soie,Phnom Penh,24.0,4.8,274,32.0
"Kampot : Excursion en Tuk Tuk à la ferme de poivrons, à Kep, au marché aux crabes, etc.",Kampot,7.0,4.9,84,21.0
Siem Reap : cours de cuisine khmère chez un habitant,Siem Reap,3.0,5.0,815,25.0
"Au départ de Phnom Penh : Excursion d''une journée à Angkor Wat, Bayon et Ta Prohm",Phnom Penh,14.0,4.9,78,152.0
Visite de 9 lieux en 3 heures en tuk-tuk,Siem Reap,3.0,4.9,127,21.0
Siem Reap : Visite guidée de la forêt d''éléphants de Kulen,Siem Reap,8.0,5.0,47,119.0
Siem Reap : Visite à pied de la ville,Siem Reap,2.0,4.5,483,5.0
Siem Reap : 2 jours de visite d''Angkor avec guide parlant espagnol,Siem Reap,48.0,4.9,15,107.0
Phnom Penh : Boxe traditionnelle khmère en direct Billets,Phnom Penh,3.5,5.0,126,17.0
Au départ de Siem Reap : Visite des temples de Koh Ker et de Beng Mealea,Siem Reap,8.0,4.9,244,43.0
Siem Reap : Expérience de la cuisine de rue en tuk-tuk,Siem Reap,4.0,4.9,198,30.0
"Représentation théâtrale d''Apsara, avec dîner et prise en charge à l''hôtel",Siem Reap,2.5,4.8,29,48.0
Phnom Penh : Killing Fields et Prison S21 Tour en bus,Phnom Penh,4.5,4.4,798,13.0
Siem Reap : Visite guidée de la campagne à vélo,Siem Reap,5.0,4.9,320,30.0
Phnom Penh : combat de kickboxing Kun Khmer au stade national de télévision,Phnom Penh,4.0,4.9,187,17.0
"Siem Reap : Phare, cirque cambodgien avec transferts en tuk-tuk",Siem Reap,1.0,4.8,38,23.0
Explorer Sihanoukville : Excursions à terre à partir des ports de croisière,Sihanoukville,7.0,4.3,12,50.0
Phnom Penh : Dîner-croisière au coucher du soleil sur le Mékong avec musique live,Phnom Penh,2.0,4.6,190,8.0
Location de voiture privée à Siem Reap avec chauffeur parlant anglais,Siem Reap,12.0,4.8,21,21.0
"Cours de cuisine khmère pratique à Phnom Penh, à la campagne",Phnom Penh,4.0,5.0,4,22.0
Phnom Penh : visite du champ de bataille et du musée du génocide de Toul Sleng,Phnom Penh,4.0,4.9,373,16.0
Siem Reap : Billet d''entrée à Angkor Wat,Siem Reap,168.0,4.6,81,49.0
Depuis Siem Reap : excursion à Battambang,Siem Reap,14.0,4.8,44,89.0
Siem Reap : Visite du village khmer et de la ferme piscicole en quad,Siem Reap,2.0,4.9,191,38.0
Siem Reap : visite personnalisée d''Angkor Wat (lever du soleil) en tuk-tuk,Siem Reap,6.5,4.9,24,42.0
Phnom Penh : 9 lieux passionnants pour une soirée en tuk-tuk,Phnom Penh,3.0,4.9,142,21.0
"Battambang : Train de bambous, grotte des chauves-souris et grotte de la mort",Battambang,6.0,4.9,50,10.0
Siem Reap : Visite culinaire en soirée avec 10 dégustations locales,Siem Reap,4.5,4.9,175,30.0
Phnom Penh : Visite culinaire en soirée avec boissons et tuk tuk inclus,Phnom Penh,4.0,4.9,185,42.0
Siem Reap : Visite du village khmer en quad et ATV,Siem Reap,2.0,4.9,16,47.0
Au départ de Siem Reap : Visite guidée de la cascade de Kulen,Siem Reap,10.0,4.8,126,39.0
Siem Reap : Sanctuaire des éléphants Prise en charge à l''hôtel et retour,Siem Reap,4.0,5.0,8,82.0
"Battambang : train de bambou, grotte des chauves-souris, grotte des morts en tuk-tuk",Battambang,7.0,4.9,128,9.0
Siem Reap : Angkor Wat avec visite guidée en allemand ou en anglais,Siem Reap,8.0,4.8,180,42.0
Campagne de Kampot : Cours de cuisine khmère authentique,Kampot,3.5,4.9,11,21.0
"Phnom Penh : visite des sites incontournables, y compris le S21 et les Killing Fields",Phnom Penh,9.0,4.9,385,26.0
"Visite privée Kampot : Ferme de poivre, champ de sel et lac secret",Kampot,3.5,5.0,27,31.0
Siem Reap : Éléphants et déminage des rats Apopo (voyage privé),Siem Reap,12.0,4.5,33,13.0
"La campagne comprend une ferme poivrière, une grotte, un champ de sel et un lac...",Kampot,5.0,4.9,44,19.0
Phnom Penh : Croisière au coucher du soleil avec bière illimitée et plateau de fruits,Phnom Penh,1.5,4.7,541,8.0
Siem Reap : visite en petit groupe de 2 jours à Angkor Wat avec lever de soleil,Siem Reap,48.0,4.9,133,11.0
Siem Reap : Visite guidée des temples d''Angkor au lever du soleil - 1 ou 2 journées,Siem Reap,8.0,4.9,1115,15.0
Phnom Penh : Croisière au coucher du soleil avec bières gratuites et buffet barbecue,Phnom Penh,1.5,4.6,43,8.0
Au départ de Siem Reap : visite du temple Banteay Srei et des 5 grands temples,Siem Reap,2.0,4.8,267,17.0
Siem Reap : visite d''Angkor d''une jounée en groupe avec guide japonais,Siem Reap,8.0,5.0,7,38.0
Angkor Wat : visite guidée des sites incontournables et du lever du soleil,Angkor Wat,8.0,4.8,1558,15.0
Siem Reap : Cours de poterie cambodgienne,Siem Reap,2.0,4.8,285,21.0
Angkor Wat : Visite guidée à vélo au lever du soleil avec petit-déjeuner et déjeuner,Angkor Wat,10.0,4.8,53,47.0
"Visite d''une journée à Preah Vihear, Koh Ker et Beng Mealea (visite privée)",Preah Vihear,24.0,4.7,89,77.0
Excursion en tuk-tuk à Silk Island et à la montagne Udong,Silk Island,8.0,5.0,6,51.0
Un voyage inoubliable de Phnom Penh à Siem Reap,Siem Reap,6.0,4.7,10,49.0
Phnom Penh : Visite d''une demi-journée des îles de la soie à vélo,Phnom Penh,8.0,4.9,331,33.0
Siem Reap : Bénédiction de l''eau par un moine khmer et visite d''une ferme de lotus,Siem Reap,4.0,5.0,9,47.0
Siem Reap : Spectacle de danse Apsara et dîner avec transferts en tuk-tuk,Siem Reap,2.5,4.4,249,27.0
L''ultime visite culinaire de Phnom Penh en tuk tuk,Phnom Penh,4.0,4.9,183,59.0
Siem Reap : visite d''Angkor Wat d''une journée avec un guide parlant italien,Siem Reap,8.0,4.7,22,54.0
Excursion à la montagne Kulen avec le village flottant de Kampong Phluk,Montagne Kulen,11.0,5.0,15,42.0
Excursion journée avec excursion en bateau vers deux îles,Phnom Penh,7.0,4.4,10,94.0
"Siem Reap : 2 jours à la découverte des temples les plus remarquables, avec option lever et coucher du soleil",Siem Reap,48.0,4.9,391,40.0
"Poivre et champs de sel de Kampot, lac secret, Kep et marché aux crabes",Kampot,7.0,4.9,19,20.0
"Une journée TukTuk Handicrafts Bambootrain Killing&BatCaves,Sunset",Siem Reap,12.0,4.9,73,21.0
Siem Reap : Excursion à vélo au lever du soleil d''Angkor avec petit-déjeuner et déjeuner,Siem Reap,9.0,4.9,128,72.0
Depuis Kampot : Visite panoramique du parc national de Bokor,Kampot,6.5,4.6,13,24.0
Stand de tir en plein air à Phnom Penh,Phnom Penh,5.0,4.7,24,13.0
"Bantey Srei, Kbal Spean et musée des mines terrestres Tuk-Tuk privé",Siem Reap,6.0,4.4,20,32.0
Découvrez Kampot-Kep lors d''une excursion d''une journée incluant la montagne Bokor.,Kampot,10.0,4.8,65,48.0
Fabriquez de l''huile essentielle avec un herboriste du village près de Phnom Penh,Phnom Penh,4.0,5.0,100,20.0
Siem Reap : Visite en petit groupe de la forêt d''éléphants de Kulen,Siem Reap,6.0,4.9,16,82.0
Angkor Wat : visite guidée d''une jounée au coucher du soleil,Angkor Wat,8.0,4.9,268,9.0
Siem Reap : Visite en quad des villages locaux,Siem Reap,1.5,5.0,53,38.0
Siem Reap : Dîner et spectacle traditionnel avec transfert à l''hôtel,Siem Reap,3.0,4.4,133,20.0
"Visite du temple de Preah Vihear, de Koh Ker et de BengMealea au départ de Siem Reap",Siem Reap,11.0,5.0,4,38.0
Visite guidée d''une jounée complète de Sihanoukville avec transport et guide,Sihanoukville,7.0,4.5,16,72.0
Phnom Penh : Visite culinaire et d''art de rue en tuk-tuk,Phnom Penh,4.0,4.9,47,30.0
Kulen Elephant Forest Siem Reap en petit groupe,Siem Reap,5.0,5.0,12,84.0
Siem Reap : visite des temples avec lever du soleil à Angkor Wat et petit-déjeuner,Siem Reap,9.0,4.9,356,16.0
"Excursion en kayak autour de la cathédrale verte, Nage, Reflet coucher de soleil",Siem Reap,3.0,4.9,69,24.0
Visite guidée du village flottant de Kompong Kleang au départ de Siem Reap,Siem Reap,5.0,5.0,11,42.0
"Siem Reap : Koh Ker, Beng Mealea et Banteay Srei (visite guidée)",Siem Reap,10.0,5.0,36,59.0
"Phnom Penh : visite à vélo au coucher du soleil sur l''île de la Soie, boissons comprises",Phnom Penh,4.0,4.8,19,38.0
Excursion d''une journée aux temples d''Angkor Wat et à la forêt d''éléphants de Kulen,Siem Reap,7.0,5.0,1,220.0
Excursion en kayak autour de la cathédrale verte,Siem Reap,3.0,5.0,18,28.0
"Visite du village flottant de Siem Reap, visite de Kompong Phluk",Siem Reap,5.0,4.4,81,14.0
Siem Reap : Montgolfière d''Angkor au lever/coucher du soleil avec transferts,Siem Reap,0.5,5.0,1,46.0
Une journée à Taprohm Bati - Chisor Temple - Putkiri Pagoda,Siem Reap,7.5,5.0,6,67.0
"Ferme de poivre de Kampot, champs de sel, marché aux crabes depuis Phnom Penh",Phnom Penh,11.0,4.7,13,74.0
Siem Reap : Visite d''Angkor Wat en petit groupe,Siem Reap,8.0,5.0,23,30.0
Siem Reap : visite privée d''Angkor à la journée avec coucher ou lever de soleil,Siem Reap,8.0,4.7,17,34.0
Cours de cuisine cambodgienne,Phnom Penh,3.0,4.8,20,30.0
Visite privée en voiture d''Angkor Wat (petit cercle) à Siem Reap,Siem Reap,8.0,5.0,2,38.0
Siem Reap : Banteay Srei et Grand Circuit Heritage Tour,Siem Reap,9.0,4.9,139,15.0
Siem Reap : Visite de 3 jours des temples d''Angkor Wat et du parc de Phnom Kulen,Siem Reap,72.0,4.6,8,286.0
"Découvrez une cascade cachée, faites un trek dans la jungle, nagez et profitez d''une collation.",Siem Reap,4.0,5.0,7,28.0
"Visite privée Preah Vihear, Koh Ker et Beng Mealea",Preah Vihear,24.0,5.0,3,53.0
Phnom Penh : visite privée de la ville en tuk-tuk avec 10 sites incontournables,Phnom Penh,5.0,4.9,172,17.0
Visite nature à travers Battambang/la région et ses sites touristiques,Battambang,6.0,4.8,25,7.0
Visite du patrimoine de Phnom Penh en bus électrique,Phnom Penh,2.5,4.9,37,23.0
"Dîner spectacle de danse Apsara, prise en charge aller-retour incluse.",Siem Reap,3.0,4.9,7,23.0
La tournée des pubs de Phnom Penh avec un singlet de singe fou gratuit,Phnom Penh,24.0,3.3,10,10.0
"Une journée de TukTuk Bambootrain, Banan, Killing & Bat Caves, coucher de soleil",Siem Reap,11.0,5.0,21,19.0
Excursion d''une jounée complète pour explorer les temples d''Angkor au coucher du soleil (avec déjeuner),Siem Reap,2.0,4.9,44,15.0
Angkor Balloon Sunrise or Sunset ride and Pick up/Drop off,Siem Reap,0.5,3.7,6,37.0
Excursion au lever ou au coucher du soleil à Angkor (petit-déjeuner ou déjeuner inclus),Siem Reap,9.0,4.7,130,15.0
Phnom Penh : visite nocturne de la ville en tuk-tuk,Phnom Penh,3.5,4.8,74,15.0
Siem Reap : Chute d''eau de Kulen et exploration de Banteay Srei,Siem Reap,9.0,5.0,21,40.0
Siem Reap Happy Horse Riding Prise en charge et retour gratuits,Siem Reap,3.0,4.7,10,66.0
Excursion d''une journée au Phnom Tamao Wildlife Center et à Buddha Kiri au Cambodge,Phnom Tamao,9.0,4.3,6,38.0
Siem Reap : Visite en petit groupe de la montagne Kulen avec déjeuner pique-nique,Siem Reap,8.0,4.9,88,49.0
Visite privée d''Angkor Wat au lever du soleil,Siem Reap,8.0,4.4,14,51.0
"Demi-journée : pont suspendu, train de bambou, grotte aux chauves-souris et grotte de la mort",Battambang,6.0,4.8,19,11.0
Phnom Penh : Kun Khmer Kick boxing Original,Phnom Penh,4.0,5.0,1,21.0
Siem Reap : billet d''entrée à Angkor Wildlife & Aquarium,Siem Reap,2.0,5.0,1,20.0
Visite de 2 jours du marché flottant de Cai Rang avec vélo et bateau,Siem Reap,48.0,4.8,47,252.0
"Parc national de Bokor et visite de la campagne, y compris la ferme du Poivre",Bokor,9.0,5.0,3,41.0
Visite privée du sanctuaire des éléphants et du village flottant,Phnom Penh,8.0,4.0,100,55.0
Phnom Penh : Dîner-croisière au coucher du soleil avec guide anglophone,Phnom Penh,1.5,4.4,41,9.0
Visite à vélo d''Angkor Wat avec déjeuner inclus,Siem Reap,7.0,5.0,5,47.0
Siem Reap : Visite privée d''Angkor Wat en Tuk-Tuk,Siem Reap,8.0,4.6,112,15.0
Siem Reap : Amazon Angkor Buffet Spectacle traditionnel de danse des fées,Siem Reap,3.0,4.9,8,17.0
"Visite d''Angkor en petit groupe, journée complète avec guide et coucher de soleil.",Siem Reap,10.0,4.9,79,9.0
Siem Reap : excursion d''une journée à Battambang avec un guide touristique francophone,Siem Reap,24.0,4.783268482490272,100,57.0
Au départ de Siem Reap : Angkor Wat et les villages flottants - 3 jours d''excursion,Siem Reap,72.0,5.0,30,153.0
Sihanoukville : excursion en groupe depuis le port de croisière,Sihanoukville,5.0,4.3,9,67.0
Siem Reap : Cours de cuisine du matin et visite du marché,Siem Reap,5.0,5.0,5,30.0
Visite nocturne de Phnom Penh en Vespa,Phnom Penh,4.5,5.0,35,38.0
Phnom Penh : visite de l''île de la soie au coucher du soleil en tuk-tuk,Phnom Penh,4.0,5.0,4,22.0
"Siem Reap : Montagne Kulen, Beng Mealea, et visite du Tonlé Sap",Siem Reap,10.0,4.9,93,47.0
Angkor Wat privé de luxe en 2 jours avec guide anglais ou allemand,Siem Reap,8.0,5.0,5,161.0
Visite d''Angkor Vat d''une jounée privée avec lever de soleil,Siem Reap,7.0,4.6,85,119.0
Expérience privée à Sihanoukville,Sihanoukville,5.0,5.0,1,93.0
Phnom Penh : croisière au coucher du soleil avec bière et barbecue,Phnom Penh,3.0,4.8,100,38.0
"Siem Reap : Demi-journée à Kampong Phluk avec coucher de soleil, bateau et guide",Siem Reap,5.5,4.3,21,20.0
Depuis Phnom Penh : Excursion d''une journée à Kampot dans un endroit magnifique avec guide,Phnom Penh,9.0,5.0,7,42.0
Siem Reap : 1 heure de bénédiction de l''eau par les bouddhistes cambodgiens,Siem Reap,2.0,4.8,63,31.0
"Koh Ker, cascade de Kulen et Beng Mealea depuis Siem Reap",Siem Reap,10.0,5.0,100,62.0
Aventure à Boeng Mealea et au temple de Koh Ker depuis Siem Reap,Siem Reap,11.0,5.0,1,47.0
Siem Reap : bénédiction bouddhiste cambodgienne de l''eau et marché local,Siem Reap,5.0,5.0,6,16.0
1 journée de visite privée d''Angkor Wat avec Tuk Tuk,Siem Reap,8.0,4.5,4,13.0
"Sanctuaire des éléphants au Cambodge, prise en charge et retour inclus",Phnom Penh,3.0,5.0,8,101.0
Angkor Wat : visite d''une jounée des temples en petit groupe,Angkor Wat,8.0,4.8,729,15.0
Visite de la ville de Phnom Penh d''une journée complète avec véhicule et guide privés,Phnom Penh,7.0,4.8,17,55.0
Siem Reap : Lac Tonle Sap - Village de pêcheurs et forêt inondée,Siem Reap,4.0,4.3,15,38.0
Visite du quartier général des Khmers rouges et de leur dernier combat depuis Siem Reap,Siem Reap,9.0,5.0,2,77.0
Siem Reap : bénédiction de l''eau par les bouddhistes cambodgiens et marché local,Siem Reap,2.5,4.9,15,46.0
"Siem Reap : Musée de la guerre, billet inclus et aller-retour gratuit",Siem Reap,2.0,4.3,10,17.0
Visite guidée en tuk-tuk du vieux Siem Reap au coucher du soleil,Siem Reap,4.0,4.8,5,67.0
Phnom Penh : visite d''une demi-journée en tuk tuk pour découvrir la gastronomie et les arts de la rue,Phnom Penh,4.0,4.9,66,38.0
Excursion d''une journée dans la montagne de Kulen avec pique-nique et forêt d''éléphants de Kulen,Siem Reap,24.0,4.8,14,212.0
"Kampot : excursion dans la campagne, visite d''une plantation de poivre et balade en kayak avec déjeuner inclus",Kampot,9.0,4.8,74,39.0
Siem Reap : Chute d''eau de Kulen en visite privée,Siem Reap,9.0,5.0,3,44.0
Excursion privée d''une journée à Angkor Wat au lever et au coucher du soleil,Siem Reap,24.0,5.0,57,60.0
Depuis Krong Siem Reap : Vol en montgolfière à Angkor avec prise en charge,Siem Reap,0.5,3.8,4,186.0
Spectacle d''Apsara avec dîner buffet et prise en charge à l''hôtel,Siem Reap,2.5,4.6,12,23.0
Siem Reap : Cours de cuisine et shopping au marché,Siem Reap,3.0,5.0,142,27.0
Siem Reap : Visite guidée des temples d''Angkor à vélo avec déjeuner,Siem Reap,7.5,4.9,107,36.0
Cours de cuisine cambodgienne à Siem Reap,Siem Reap,3.5,4.9,180,27.0
Battambang : cours de cuisine et visite du marché,Battambang,4.0,4.7,70,21.0
"Palais royal, musée national et Wat Phnom avec visite privée",Phnom Penh,4.0,4.8,27,54.0
Au départ de Siem Reap : visite d''une demi-journée au temple de Beng Mealea,Siem Reap,4.0,4.8,4,51.0
Visite guidée de Koh Ker et du temple de Beng Mealea,Koh Ker,24.0,4.9,17,38.0
Siem Reap : Cours de cuisine sur les desserts cambodgiens avec dégustations,Siem Reap,3.0,4.9,8,27.0
Siem Reap : Visite en petit groupe d''Angkor Wat d''une journée entière et coucher de soleil,Siem Reap,10.0,4.6,9,34.0
Au départ de Phnom Penh : Tour du mont Oudongk et de l''île de Koh Chen,Phnom Penh,6.0,4.8,59,57.0
Excursion d''une journée à Phnom Penh et à l''île de la soie en tuk tuk,Phnom Penh,5.0,5.0,10,25.0
Siem Reap : 6 heures de moto Easy Rider,Siem Reap,6.0,4.8,92,53.0
Visite d''Angkor Wat en tuk-tuk avec chauffeur parlant anglais,Siem Reap,9.0,4.6,43,13.0
Forêt d''éléphants de Kulen et lac Tonlesap,Siem Reap,8.0,5.0,6,123.0
Phnom Penh : Visite privée en tuk-tuk avec un guide anglophone,Phnom Penh,9.0,5.0,3,43.0
Siem Reap : Visite guidée du village flottant de Kompong Khleang,Siem Reap,6.0,4.9,20,54.0
Siem Reap : forêt d''éléphants de Kulen et lac Tonlesap,Siem Reap,7.0,4.8,31,185.0
Danses traditionnelles Apsara et buffet local avec promenade en tuk-tuk,Siem Reap,2.5,4.783268482490272,100,19.0
Parc de Phnom Kulen : Visite de la forêt d''éléphants depuis Siem Reap,Parc de Phnom Kulen,10.0,5.0,13,196.0
Village flottant de Kompong Khleang : journée complète au départ de Siem Reap,Village flottant de Kompong Khleang,6.5,4.9,13,94.0
Excursion à la montagne Kulen avec pique-nique et coucher de soleil sur le village flottant,Montagne Kulen,10.0,4.9,54,42.0
Au départ de Phnom Penh : visite d''une demi-journée de l''île de la soie avec guide,Phnom Penh,4.0,4.8,44,37.0
Siem Reap : temples cachés dans la jungle et pique-nique - Visite en petit groupe,Siem Reap,24.0,4.9,100,115.0
Siem Reap : visite privée d''Angkor Wat au lever du soleil,Siem Reap,8.0,4.6,12,44.0
Siem Reap: visite du lever du soleil d''Angkor Wat via Tuk Tuk et petit-déjeuner,Siem Reap,7.0,5.0,29,50.0
Zipline Angkor Eco-Adventure Canopy Tour,Siem Reap,2.0,4.9,28,46.0
Siem Reap : Visite des villages flottants,Siem Reap,3.0,4.7,14,55.0
Phnom Penh : Phnom Oudong & Koh Chen Village - Déjeuner inclus,Phnom Penh,10.0,4.4,21,55.0
Sky Venture Microlight Siem Reap,Siem Reap,0.5,4.8,12,287.0
"Angkor Wat Découvrez les temples les plus emblématiques, en tuk-tuk privé",Siem Reap,8.0,5.0,3,20.0
Visite d''une demi-journée de la ville,Siem Reap,4.0,4.3,13,55.0
Phnom Penh : Visite à pied de la ville,Phnom Penh,3.0,4.7,10,16.0
Angkor Wat 1 journée avec lever de soleil Circuit combiné avec (Tuk Tuk),Siem Reap,24.0,5.0,32,10.0
Siem Reap : 3 heures d''excursion en moto sur les sentiers anciens,Siem Reap,3.0,4.8,71,37.0
Visite privée du temple d''Angkor Wat,Siem Reap,7.0,5.0,35,32.0
"Tonle sap, Kompong Phluk (village flottant) Visite privée",Tonle Sap,5.0,3.6,7,20.0
Siem Reap : Tour du Grand Cercle Coucher de soleil sur la colline de Bakeang & Guide,Siem Reap,8.0,4.8,40,14.0
Croisière sur le Tonlé Sap et circuit terrestre entre Phnom Penh et Siem Reap,Siem Reap,8.0,3.8,33,203.0
Retour aux sources : Visite du village de Siem Reap au Cambodge,Siem Reap,4.0,4.3,21,55.0
"Phnom Penh : Visite de la colline d''Udong, de Long Vek et de Phnom Reap",Phnom Penh,24.0,4.7,100,201.0
Visite privée d''Angkor Wat au coucher du soleil avec déjeuner et collation inclus,Siem Reap,9.0,5.0,1,59.0
Phnom Penh : Visite gastronomique nocturne en Tuk Tuk avec boissons,Phnom Penh,4.0,4.8,41,34.0
Siem Reap : billet standard pour l''Angkor Eye,Siem Reap,24.0,4.6,9,7.0
Visite privée la montagne Oudong et du Phnom Baset depuis Phnom Penh,Phnom Penh,8.0,4.5,4,21.0
Tour en bateau du village flottant et de la forêt de mangroves du lac Tonle Sap,Tonle Sap,8.0,5.0,5,16.0
Phnom Penh : visite guidée d''une demi-journée à la découverte des joyaux cachés,Phnom Penh,9.0,4.783268482490272,100,52.0
Visite privée d''une jounée à Phnom Penh avec tous les billets d''entrée,Phnom Penh,8.0,4.8,10,16.0
Beng Mealea et Koh Ker - patrimoine mondial de l''UNESCO,Koh Ker,10.0,5.0,1,47.0
Phnom Penh : visite guidée à vélo des îles du Mékong et des îles de la Soie,Phnom Penh,5.0,4.8,43,38.0
Siem Reap : visite privée en tuk-tuk des magnifiques temples.,Siem Reap,8.5,4.9,18,15.0
Visite d''une jounée classique de Phnom Penh,Phnom Penh,8.0,5.0,3,38.0
Siem Reap : Visite des temples et du centre d''artisanat du groupe Rolous,Siem Reap,4.0,4.7,100,81.0
Cours de cuisine sur la culture culinaire khmère à Kampot,Kampot,4.0,5.0,4,36.0
Forêt d''éléphants de Kulen et lac Tonlesap (bateau et transfert inclus),Siem Reap,5.0,5.0,1,106.0
Exploration du village et de la campagne à vélo - Demi-journée le matin,Siem Reap,3.0,4.4,5,15.0
Siem Reap : Visite GRATUITE du marché et des temples locaux,Siem Reap,1.5,4.783268482490272,100,0.85
Angkor Wat : Visite privée au lever du soleil avec petit-déjeuner au champagne,Angkor Wat,8.0,4.9,100,197.0
Excursion en tuk tuk local à la campagne et à la ferme de poivrons...,Siem Reap,5.0,5.0,10,19.0
Excursion en petit groupe pour découvrir Angkor Wat au lever du soleil avec un guide,Siem Reap,7.0,5.0,3,13.0
Siem Reap : les temples d''Angkor hors des sentiers battus - Voyage photo,Siem Reap,5.0,5.0,2,64.0
Siem Reap : Visite de la campagne à vélo et de la vie locale dans les villages,Siem Reap,4.0,4.8,25,27.0
Visite des sites historiques de Phnom Penh en tuk tuk,Phnom Penh,5.0,4.5,28,21.0
Visite d''une jounée à Phnom Penh et Silk Island en tuk-tuk,Phnom Penh,4.0,4.3,19,27.0
Au départ de Siem Reap : Visite privée Koh Ker et Beng Mealea,Siem Reap,10.0,5.0,8,50.0
Phnom Penh : Croisière au coucher du soleil sur le bateau Kanika,Phnom Penh,1.3333333333333333,4.3,114,7.0
Siem Reap : Visite d''Angkor Wat en petit groupe et coucher de soleil,Siem Reap,10.0,5.0,58,24.0
Siem Reap : Musée de la guerre inclus billet et prise en charge et retour,Siem Reap,24.0,5.0,8,14.0
Excursion d''une demi-journée à vélo dans la ville de Phnom Penh,Phnom Penh,4.0,5.0,2,27.0
Mini-visite en tuk-tuk dans les coulisses,Siem Reap,3.0,4.5,23,30.0
Siem Reap : visite d''Angkor au lever du soleil avec un guide hispanophone,Siem Reap,8.0,5.0,11,55.0
Zipline et visite des temples d''Angkor avec coucher de soleil,Siem Reap,8.0,4.0,5,88.0
Angkor Wat : Circuit de deux jours au lever du soleil et au village flottant,Angkor Wat,48.0,4.9,29,42.0
Siem Reap ATV Quad Biking Adventure visite guidée,Siem Reap,2.0,5.0,1,29.0
Angkor Wat : lever du soleil : visite du temple Ta Prohm et du temple Bayon,Angkor Wat,8.0,5.0,27,11.0
Siem Reap : bénédiction des moines et visite du village en scooter,Siem Reap,4.0,5.0,100,43.0
Siem Reap : Visite Privative du Village Flottant de Kampong Pluk,Siem Reap,4.5,4.8,100,41.0
Une excursion à Kep Beach et Kampot depuis Phnom Penh,Phnom Penh,11.5,4.8,4,115.0
Incroyable Cambodge 5 jours visite privée Phnom Penh & Siem Reap,Siem Reap,120.0,5.0,1,934.0
Angkor Wat : Visite guidée en Vespa avec déjeuner chez l''habitant.,Angkor Wat,8.0,5.0,12,50.0
Siem Reap : Visite d''une demi-journée du village flottant,Siem Reap,4.0,4.4,98,47.0
Siem Reap : Visite guidée de 2 jours d''Angkor Wat en petit et grand circuit,Siem Reap,48.0,5.0,1,33.0
Siem Reap : 4 heures de randonnée en quad dans la campagne,Siem Reap,24.0,4.3,4,94.0
Visite en petit groupe à vélo dans la campagne au coucher du soleil,Siem Reap,5.0,5.0,10,12.0
Phnom Penh : Visite d''une demi-journée de la prison S-21 et des champs de la mort,Phnom Penh,4.0,4.8,65,99.0
Croisière/excursion terrestre de Phnom Penh à Siem Reap (aller simple),Siem Reap,9.0,3.6,12,169.0
5 jours - Toutes les attractions incontournables de Siem Reap,Siem Reap,120.0,5.0,100,332.0
Kayak et village flottant à Siem Reap,Siem Reap,6.0,5.0,4,60.0
Mad Monkey Siem Reap Pub Crawl (tournée des bars de Siem Reap),Siem Reap,5.0,3.6,9,10.0
Visite artisanale/papier de riz/vin de riz/grotte aux chauves-souris au coucher du soleil,Siem Reap,10.0,4.8,5,4.26
"Siem Reap : Pêche dans les rizières, dans les villages de Siem Reap",Siem Reap,10.5,5.0,4,60.0
Village flottant de Kampong Pluk en tuktuk,Siem Reap,4.5,4.0,100,16.0
Angkor Wat : Visite guidée en jeep Déjeuner inclus chez l''habitant.,Angkor Wat,8.0,4.9,28,68.0
Visite privée d''une journée à Phnom Penh (départ de Siem Reap),Siem Reap,24.0,5.0,1,208.0
Visite du sanctuaire des éléphants du Cambodge et du temple de Banteay Srey,Phnom Penh,5.0,5.0,1,96.0
Siem Reap : un spectacle exceptionnel avec dîner en option,Siem Reap,2.5,5.0,1,15.0
Transfert Phnom Penh - Battambang avec arrêt touristique,Phnom Penh,10.5,4.8,5,100.0
Excursion d''une journée partagée avec un guide anglophone au temple d''Angkor.,Siem Reap,8.0,5.0,3,38.0
"Excursion d''une journée à Banteay Srey, Beng Melea et la montagne Kulen",Montagne Kulen,9.0,5.0,22,128.0
Angkor Wat : Excursion en jeep au lever du soleil avec petit-déjeuner et déjeuner,Angkor Wat,8.0,5.0,17,77.0
Voyage en bateau panoramique de Siem Reap à Battambang,Siem Reap,7.0,4.3,4,55.0
Siem Reap : visite en petit groupe de la forêt des éléphants de Kulen,Siem Reap,5.0,4.6,5,119.0
Siem Reap : Itinéraire Unique en Jeep au Lever du Soleil à Angkor Wat,Siem Reap,6.5,4.9,8,67.0
Train de bambous. Grotte de Phnom Sampove. Grotte des chauves-souris et temple de Banan,Battambang,9.0,5.0,7,20.0
Au départ de Siem Reap : excursion dans les villages flottants du Tonlé Sap,Siem Reap,4.0,4.1,54,55.0
Visite privée d''une journée à Angkor Wat pour tous les temples les plus importants,Siem Reap,8.0,4.7,100,13.0
Tour d''Angkor à vélo et bateau Gondola Sunset Boat avec boissons et collation,Siem Reap,5.0,4.4,100,40.0
Phnom Penh : 2 jours de randonnée dans les monts Aural,Phnom Penh,48.0,5.0,3,161.0
Phnom Penh : Croisière sur le Mékong au coucher du soleil avec boissons à volonté,Phnom Penh,1.5,4.5,66,20.0
"Banteay Srei, Beng Mealea et Koh Ker en petit groupe",Koh Ker,10.0,4.9,7,67.0
Cours de cuisine khmère à Siem Reap et visite du marché local,Siem Reap,4.0,5.0,1,33.0
JOURNÉE COMPLÈTE - Visite d''une jounée en tuk-tuk à la campagne + Kep,Kep,7.0,4.8,11,28.0
Kompong Phluk et le lac Tonlé Sap : excursion d''une demi-journée,Kompong Phluk et le lac Tonlé Sap,4.0,4.5,77,38.0
0Mini-visites à la campagne,Siem Reap,3.0,4.7,100,75.0
"Siem Reap : Khmer Rogue, War museum &landmine museum Day Tour",Siem Reap,8.0,5.0,8,66.0
Visite en tuktuk familial à Battambang Train de bambou/Wat Banan/Grotte aux chauves-souris,Battambang,12.0,4.8,18,7.0
Visite culinaire en scooter à Siem Reap,Siem Reap,4.0,5.0,100,38.0
"Au départ de Siem Reap : excursion d''une journée à Battambang, train de bambous, grotte des chauves-souris",Siem Reap,10.0,4.8,5,135.0
Grand cercle avec coucher de soleil Tuk-Tuk privé,Siem Reap,8.0,4.6,20,24.0
Visite du site historique d''Udong,Phnom Penh,6.0,5.0,1,162.0
Siem Reap : Excursion matinale en jeep dans la campagne,Siem Reap,5.0,5.0,7,47.0
Le crépuscule d''Angkor et l''aventure en bateau Vespa,Siem Reap,5.0,5.0,100,59.0
Aventure à vélo dans la jungle d''Angkor - Visite privée à vélo,Siem Reap,8.0,5.0,4,21.0
De Phnom Penh à Siem Reap à travers le cœur du Cambodge,Siem Reap,9.0,5.0,1,59.0
Trekking à Kbal Spean avec Banteay Srei et le musée des mines antipersonnel,Banteay Srei,8.0,5.0,3,30.0
Exploration de Sihanoukville en petit groupe depuis l''embarcadère de la croisière,Sihanoukville,5.0,4.8,100,72.0
Phnom Penh : visite à pied des joyaux cachés avec guide local,Phnom Penh,3.0,5.0,7,13.0
S21 et visite des champs de la mort avec déjeuner et boisson khmers,Phnom Penh,6.0,4.8,14,33.0
Excursion au coucher du soleil à Angkor Wat,Siem Reap,10.0,4.7,211,15.0
"Excursion d''une journée à Beng Mealea, Koh Ker et au village flottant",Koh Ker,24.0,5.0,5,27.0
"Siem Reap : Mont Kulen, Beng Mealea et Kampong Phluk",Siem Reap,10.0,5.0,3,72.0
Phnom Penh-Sihanoukville Kampot Kep Champ de tir RPG,Phnom Penh,5.0,5.0,3,60.0
"Siem Reap : Dîner avec les éléphants, un voyage dans la nature et la vie sauvage",Siem Reap,168.0,5.0,1,123.0
Kampot : accès au spa thermal Nibi Spa,Kampot,1.0,4.783268482490272,100,27.0
Siem Reap Angkor Wat Sunrise Explorez les temples les plus emblématiques,Siem Reap,8.0,4.8,19,11.0
"Montagne Bokor, plantation de poivrons et lac artificiel",Bokor,8.0,5.0,2,38.0
Siem Reap : Visite guidée en petit groupe d''une cuisine authentique et unique,Siem Reap,3.0,5.0,7,33.0
Siem Reap : Angkor Sunset Bike & Boat Tour w/ Drinks & Snacks,Siem Reap,5.0,5.0,23,55.0
Visite à pied des arts et du patrimoine de Battambang en soirée,Battambang,3.0,4.783268482490272,100,26.0
Phnom Penh : Excursion privée d''une journée à Buddha Kiri et au zoo de Phnom Tamao,Phnom Penh,24.0,4.7,100,117.0
"Demi-journée : Ferme de la soie, Senteur Angkor et atelier Satcha",Siem Reap,4.0,4.7,7,21.0
Depuis Siem Reap : excursion d''une journée en petit groupe aux cascades de Phnom Kulen,Siem Reap,6.0,4.6,53,50.0
Excursion d''une journée au temple de Banteay Chhmar et à la ferme de la soie depuis Siem Reap,Siem Reap,8.0,4.7,100,67.0
Visite du village flottant avec repas khmer et bière,Siem Reap,6.0,4.7,6,21.0
Les joyaux cachés de la ville de Siem Reap (visite guidée privée),Siem Reap,3.5,4.3,3,33.0
Aventures de luxe à Siem Reap - Visite à la journée,Siem Reap,24.0,5.0,1,306.0
Au départ de Siem Reap : Trekking dans le parc national du Phnom Kulen,Siem Reap,8.0,5.0,2,127.0
Siem Reap : Visite privée d''Angkor Wat avec guide anglais 2 jours,Siem Reap,48.0,5.0,2,96.0
Montagne Kulen : visite d''une jounée privée aux chutes d''eau,Montagne Kulen,6.0,4.0,6,149.0
Siem Reap : Angkor Sunrise 2 jours de visite guidée à vélo,Siem Reap,48.0,4.9,7,81.0
Visite privée Phnom Chisor et Tonle Bati au départ de Phnom Penh,Phnom Penh,8.0,4.783268482490272,100,38.0
Siem Reap : Visite guidée de la campagne au coucher du soleil en Jeep,Siem Reap,3.5,4.4,5,42.0
Siem Reap : Visite de la réserve de biosphère de Prek Toal Tonle Sap,Siem Reap,9.0,4.0,3,186.0
Le meilleur des temples d''Angkor visite privée de 2 jours,Siem Reap,48.0,4.6,43,108.0
Activité de peinture sur céramique à Siem Reap,Siem Reap,1.5,4.8,100,21.0
Depuis Phnom Penh : Excursion à Kampot et Kep avec guide anglais,Phnom Penh,24.0,5.0,2,135.0
Expérience d''une journée avec les éléphants du Cambodge au départ de Siem Reap,Siem Reap,4.5,5.0,4,98.0
Siem Reap : Angkor Wat visite d''une jounée privée,Siem Reap,8.0,5.0,4,49.0
Siem Reap : Billets pour le cirque Phare avec transfert en Tuk Tuk,Siem Reap,6.0,5.0,3,27.0
Siem Reap : Aventure en Vespa à la campagne,Siem Reap,6.0,5.0,23,34.0
Le cirque cambodgien et le marché nocturne de Pub Street,Phnom Penh,1.5,4.783268482490272,100,24.0
Visite d''une jounée Preah Vihea & Temple Koh Ker,Koh Ker,24.0,3.7,3,77.0
Phnom Penh : Visite culinaire souterraine en tuk-tuk de la cuisine locale,Phnom Penh,3.5,4.8,8,64.0
Phnom Penh : Croisière commentée au coucher du soleil : plaisir et détente,Phnom Penh,1.5,5.0,1,45.0
Visite de la forêt des éléphants de Kulen et du temple de Banteay Srei,Siem Reap,6.0,4.6,100,106.0
Visite guidée privée en Tuk-Tuk du lever du soleil à Angkor Wat,Siem Reap,9.0,5.0,3,55.0
Excursion en E-Bike au lever du soleil d''Angkor Wat avec déjeuner inclus,Siem Reap,7.0,5.0,100,64.0
Visite d''Angkor Vat d''une jounée privée avec coucher de soleil,Siem Reap,9.0,4.7,44,91.0
Dîner buffet et spectacle d''Apsara avec transferts à l''hôtel,Siem Reap,3.0,3.8,8,19.0
Petite visite d''Angkor Wat avec Tuk Tuk privé,Siem Reap,8.0,5.0,2,19.0
Parc des chutes d''eau de Kulen avec visite en petit groupe et guide,Siem Reap,9.0,5.0,10,36.0
Siem Reap : Croisière au coucher du soleil à Kampong Phluk et Tonle Sap,Siem Reap,5.0,4.8,22,20.0
Siem Reap : Excursion d''une demi-journée à Angkor Wat avec guide de région,Siem Reap,4.0,5.0,4,85.0
Visite privée la ville de Siem Reap,Siem Reap,4.0,5.0,1,44.0
Siem Reap : Circuit des chutes d''eau de Kulen et de la rivière 1000 Linga,Siem Reap,8.0,5.0,4,61.0
Visite d''une jounée en tuk-tuk des temples d''Angkor Wat,Siem Reap,10.0,4.7,3,37.0
Siem Reap : Angkor Wat Sunrise pour les visites privées ou de groupe,Siem Reap,24.0,5.0,3,10.0
Paysages étonnants - Train de bambous/Caverne de chauve-souris,Battambang,6.0,5.0,6,16.0
Parc national de Kulen et lac Tonle Sap | Excursions privées,Siem Reap,24.0,5.0,2,169.0
"2 jours - Angkor Wat, Banteay Srei et le village flottant de K-Pluk",Siem Reap,48.0,5.0,2,113.0
Killing Fields et S21 Demi-journée en visite privée,Phnom Penh,4.0,4.6,100,53.0
Angkor Wat : Visite en petit groupe avec vol en montgolfière et déjeuner,Angkor Wat,7.0,4.2,13,94.0
Siem Reap : Excursion d''une journée à Angkor Wat et au village flottant,Siem Reap,8.0,5.0,1,76.0
Service vidéo du champ de tir de Phnom Penh avec prise en charge à l''hôtel,Phnom Penh,2.5,3.7,3,19.0
Location de moto à Siem Reap - Visite des temples et de la ville en conduite autonome,Siem Reap,10.0,4.3,7,8.0
Trekking dans le parc national du Phnom Kulen au départ de Siem Reap,Siem Reap,8.0,5.0,3,38.0
Visite du sanctuaire des éléphants et du temple de Banteay Srey au Cambodge,Phnom Penh,6.0,5.0,3,96.0
École de danse Princesse Buppha Devi,Siem Reap,1.0,5.0,4,21.0
"Visite guidée d''Angkor Wat, Bayon, Ta Prohm et Banteay Srei",Siem Reap,8.0,5.0,2,53.0
Phnom Penh Battambang Siem Reap Angkor Wat 6 jours aller-retour,Siem Reap,48.0,4.7,100,340.0
Visite d''une journée à la découverte de la campagne de Kampot ; marché aux crabes de Kep,Kampot,6.0,5.0,4,30.0
Visite privée d''une journée de l''île de la soie de Koh Dach et de la ville de Phnom Penh,Phnom Penh,8.0,4.783268482490272,100,30.0
Siem Reap : Visite du village khmer en quad et VTT,Siem Reap,1.0,5.0,1,33.0
Cambodge : spectacle de danse traditionnelle avec dîner buffet,Siem Reap,3.0,5.0,3,20.0
Les visites de la campagne comprennent des plantations de poivre,Siem Reap,4.0,5.0,3,24.0
Kampot~Tuk tuk tuk local privé vers la campagne / la ferme de poivre.,Kampot,5.0,5.0,5,34.0
Visite privée la réserve ornithologique de Prek Toal et du village flottant,Preah Vihear,8.0,4.783268482490272,100,152.0
"Journée complète à Koh Ker, Beng Mealea et au village flottant de K-Pluk",Koh Ker,24.0,5.0,100,107.0
Visite de la campagne de Kampot et de la ferme de poivrons en TukTuk,Kampot,5.0,5.0,2,17.0
Siem Reap : Visite des temples du Grand Cercle avec Tuk-Tuk privé,Siem Reap,8.0,5.0,4,22.0
Siem Reap : Visite de 3 jours des temples anciens d''Angkor et de Ta Prohn,Siem Reap,72.0,4.783268482490272,100,132.0
L''expérience de Jason à la campagne,Siem Reap,6.5,4.9,100,30.0
Siem Reap : Spectacle de danse Apsara avec dîner buffet et Tuk-Tuk...,Siem Reap,2.0,5.0,3,22.0
"Kampot-Phnom Penh comprend une visite d''une plantation de poivre, d''un marais salant et d''un lac.",Phnom Penh,6.5,4.8,5,55.0
"Lever de soleil exceptionnel sur Angkor Wat, Angkor Thom et le temple Bayon",Siem Reap,7.0,5.0,2,14.0
Excursion d''une journée à la montagne Oudong et visite privée de la ville de Phnom Penh,Phnom Penh,9.0,5.0,3,50.0
Visite culinaire et cirque Phare avec transferts en tuk-tuk,Phnom Penh,5.0,4.8,4,50.0
"Visite à pied de la rivière avec collation, boissons et trajet en ferry local",Siem Reap,3.0,4.4,8,6.0
"Siem Reap : 2 jours au lever du soleil d''Angkor, Banteay Srey et Beng Mealea",Siem Reap,48.0,4.9,100,170.0
Phnom Penh : Vie nocturne et bars locaux cachés,Phnom Penh,3.0,4.8,100,42.0
Lever de soleil à Angkor Wat et petite visite guidée,Siem Reap,8.0,4.6,21,10.0
Excursion privée d''une journée au parc national de Bokor depuis Phnom Penh,Phnom Penh,10.0,5.0,2,55.0
Visite du champ de tir de Toul Sleng Choeung Ek Killing Phnom Penh,Phnom Penh,24.0,4.783268482490272,100,64.0
Phnom Penh : visite de la prison de Tuol Sleng et du mémorial de Choeng Ek,Phnom Penh,5.0,4.9,26,19.0
Siem Reap : Cours de cuisine au Cambodge et visite du marché,Siem Reap,4.0,5.0,1,32.0
Visite du village flottant de Kompong Phluk au départ de Siem Reap,Siem Reap,4.0,4.6,84,56.0
Siem Reap: balade à vélo à la campagne au coucher du soleil,Siem Reap,4.5,5.0,8,30.0
Siem Reap : Visite guidée privée du parc archéologique d''Angkor,Siem Reap,8.0,5.0,1,49.0
Siem Reap : Les massages toniques Bodia pour se détendre,Siem Reap,2.0,4.7,100,41.0
Kampot : Cours de cuisine chez un chef local avec visite du marché,Kampot,4.0,5.0,2,36.0
"Champ de tir de Phnom Penh Cambodge, service vidéo 4 caméras",Phnom Penh,24.0,5.0,1,32.0
Siem Reap : Angkor Wat : visite en petit groupe au lever du soleil,Siem Reap,8.0,4.8,14,11.0
Au départ de Siem Reap : 02 heures de randonnée en quad dans la campagne,Siem Reap,2.0,5.0,5,56.0
Krong Siem Reap : Kulen Mountain Trails Dirt Bike Adventure (en anglais),Siem Reap,24.0,5.0,3,128.0
Observation des oiseaux dans la forêt de Tonlé Sap et la ferme de lotus à Siem Reap,Siem Reap,6.0,4.8,100,68.0
Visite privées temples de Beng Mealea et Koh Ker,Koh Ker,24.0,5.0,1,123.0
"Excursion d''une journée à Angkor Wat, Angkor Thom et Ta Prohm avec coucher de soleil",Siem Reap,24.0,5.0,3,16.0
Petit tour d''Angkor Wat au lever du soleil avec Tuk Tuk privé,Siem Reap,8.0,4.4,7,24.0
Siem Reap: visite gastronomique en Vespa en soirée,Siem Reap,4.5,4.9,11,42.0
Siem Reap: cours de cuisine cambodgienne d''une demi-journée,Siem Reap,3.0,4.7,3,27.0
"Cambodge Champ de tir Phnom Penh, Service vidéo",Phnom Penh,2.0,5.0,1,38.0
Au départ de Siem Reap : Tour en bateau des villages flottants,Siem Reap,5.0,5.0,3,22.0
Visite de la ville de Siem Reap en Vespa,Siem Reap,4.5,5.0,1,42.0
Visite d''une jounée de Battambang au départ de Siem Reap,Siem Reap,15.0,5.0,6,110.0
Road Rascal - Découvrez Angkor Wat au lever du soleil en E-bike,Siem Reap,10.0,4.783268482490272,100,89.0
"Parcourez à vélo les routes secondaires d''Angkor, y compris le déjeuner chez l''habitant.",Siem Reap,8.0,4.9,15,47.0
"Cascade du mont Kulen, 1000 lingas, visite du bouddha couché",Siem Reap,8.0,4.5,100,41.0
Siem Reap: excursion en jeep au coucher du soleil dans la campagne avec boissons,Siem Reap,4.0,5.0,5,51.0
Visitez toutes les attractions touristiques autour de Battambang,Battambang,10.0,5.0,1,26.0
"Delta du Mékong - Marché flottant de Cai Rang, visite de 2 jours et 1 nuit",Cai Rang,48.0,4.0,100,104.0
"Siem Reap : Excursion à Beng Mealea, Banteay Srei et aux chutes d''eau de Kulen",Siem Reap,9.5,5.0,1,44.0
Visite privées temples d''Angkor Wat,Siem Reap,4.0,5.0,1,43.0
Siem Reap : Visite guidée de la campagne à vélo et en E-Bike,Siem Reap,4.0,5.0,2,28.0
Siem Reap : Bodia Tonic - Massages traditionnels,Siem Reap,2.0,3.8,100,30.0
Phnom Penh Silk Island Sunset Haft Day Vespa Tour,Phnom Penh,4.0,5.0,5,42.0
Visite guidée en petit groupe d''Angkor Wat au lever du soleil,Siem Reap,7.0,5.0,1,14.0
Phnom Penh : Circuit des îles de la soie à vélo,Phnom Penh,4.5,5.0,2,47.0
"Visite classique d''Angkor Wat avec lever ou coucher du soleil, visite d''une jounée",Siem Reap,7.0,5.0,2,14.0
Siem Reap : visite d''Angkor Wat avec un guide parlant portugais,Siem Reap,8.0,5.0,4,54.0
"Excursion d''une journée à Kampot pour visiter une ferme de poivre, un temple et un champ de sel, etc.",Kampot,24.0,5.0,1,160.0
Visite à vélo d''Angkor et tour en bateau au coucher du soleil,Siem Reap,5.0,4.7,3,37.0
Lever de soleil à vélo sur le temple d''Angkor Wat,Siem Reap,9.0,4.783268482490272,100,47.0
KAMPOT~ l''excursion en kayak/le test du poivre/le coucher de soleil à l''heure et plus encore,Kampot,7.0,5.0,5,34.0
Siem Reap : Visite gastronomique en soirée avec guide,Siem Reap,4.5,4.4,100,48.0
Siem Reap : Cours de cuisine khmère chez l''habitant,Siem Reap,4.0,5.0,2,34.0
Siem Reap : Visite matinale des marchés et de la gastronomie en Vespa,Siem Reap,4.0,5.0,1,45.0
"Kampot, Kep, ferme à papier, vieilles architectures françaises",Kampot,11.0,4.5,100,44.0
Au départ de Phnom Penh : excursion d''une journée à Siem Reap et Angkor Wat avec déjeuner,Phnom Penh,12.0,4.783268482490272,100,144.0
Siem Reap : Visite des chutes d''eau de Kulen et de Banteay Srei,Siem Reap,24.0,5.0,4,36.0
"Excursion d''une journée à Phnom Da, Ta Prohm Bati, Neang Khmao et Chiso",Phnom Da,24.0,4.8,4,122.0
Battambang : Train de bambous et grotte des chauves-souris depuis Siem Reap,Battambang,12.0,5.0,1,113.0
Phnom Penh : Croisière commentée au coucher du soleil et visite de la ville en soirée en Tuk Tuk,Phnom Penh,4.0,4.9,10,33.0
"Battambang : table familiale khmère, expériences culinaires",Battambang,3.0,5.0,1,13.0
Excursion à vélo d''une demi-journée dans la ville de Siem Reap,Siem Reap,5.0,4.8,6,34.0
"Journée complète : artisanat, train de bambous, grotte de la mort, grotte des chauves-souris",Siem Reap,10.0,5.0,4,13.0
Excursion d''une journée aux temples de Beng Melea et de Koh Ker depuis Siem Reap,Siem Reap,0.18333333333333332,4.9,100,55.0
Siem Reap : Apsara Indulgence 4Hands - Massages d''aromathérapie,Siem Reap,1.5,5.0,1,45.0
"Taxi pour le temple de Preah Vihear, excursion d''une journée, circuit au Cambodge",Preah Vihear,12.0,4.9,100,157.0
"Visite de Phnom Bakheng au coucher du soleil, Pre Rup, Neak Pean, Preah Khan",Phnom Bakheng,6.0,5.0,4,47.0
Explorer le temple d''Angkor avec une visite guidée,Siem Reap,7.0,4.8,4,17.0
Siem Reap : Visite privée d''Angkor Wat en Tuk Tuk,Siem Reap,24.0,4.8,22,11.0
Siem Reap : billet d''entrée au musée national d''Angkor avec tuk-tuk,Siem Reap,2.0,5.0,1,17.0
Siem Reap : Expérience d''Eco-Quad Bike,Siem Reap,1.0,5.0,3,40.0
Siem Reap : Village flottant de Kompong Phluk avec transferts,Siem Reap,4.0,3.7,7,17.0
Excursion privée d''une journée à Battambang (au départ de Siem Reap),Siem Reap,24.0,5.0,1,142.0
Siem Reap : Visite en petit groupe du lever du soleil sur Angkor Wat et petit-déjeuner,Siem Reap,9.0,5.0,15,20.0
1 jour Delta du Mékong - Cai Be - Vinh Long,Delta du Mékong,24.0,5.0,2,47.0
"Angkor Wat : Lever du soleil 2,5 jours avec visite du lac Tonlé Sap",Angkor Wat,60.0,5.0,6,56.0
Excursion d''une journée de Sihanoukville à Phnom Penh pour le bateau de croisière,Phnom Penh,10.0,4.7,3,123.0
Siem Reap : Visite privées temples de Preah Vihear et de Koh Ker,Siem Reap,10.0,5.0,2,96.0
Visite culinaire de Siem Reap en Tuk Tuk avec guide personnel,Siem Reap,3.0,4.8,11,30.0
Mélange de temples et de chutes d''eau.,Siem Reap,48.0,5.0,1,176.0
Siem Reap : Cours de cuisine l''après-midi et visite du village,Siem Reap,4.0,5.0,5,30.0
Sihanoukville - Cours de cuisine traditionnelle khmère,Sihanoukville,5.0,5.0,1,94.0
"Bantreay Srei, Kbal Spean et Musée des mines avec Tuk Tuk",Banteay Srei,8.0,4.6,8,32.0
Angkor Wat : Les points forts et le lever du soleil avec un guide espagnol,Angkor Wat,8.0,4.7,3,25.0
Circuit de 2 jours à Angkor Wat avec le petit et le grand circuit et Banteay Srei,Siem Reap,48.0,5.0,5,104.0
Tour cycliste d''Angkor,Siem Reap,7.0,5.0,2,55.0
Siem Reap : Excursion d''une journée à Haft,Siem Reap,4.0,5.0,1,55.0
"Explorez Phnom Penh, la capitale du Cambodge, guide français",Phnom Penh,7.0,5.0,3,69.0
Kratie : Tour de l''île de Koh Trong à vélo avec collations,Kratie,4.0,4.7,100,45.0
Au départ de Siem Reap : visite guidée de Banteay Srei et des chutes d''eau de Kulen,Siem Reap,8.0,5.0,2,38.0
Phnom Penh : Visite des champs de la mort et du musée S-21,Phnom Penh,4.0,5.0,1,54.0
Siem Reap : Repas au restaurant avec spectacle de danse Apsara,Siem Reap,2.5,4.7,100,43.0
Spectacle de danse Apsara avec dîner en Tuk-Tuk Transfert aller-retour,Siem Reap,3.0,4.5,4,16.0
Visite privée d''une journée à Battambang Prise en charge à Siem Reap,Siem Reap,12.0,5.0,2,122.0
Phnom Penh : Tour de ville en Tuk Tuk en soirée avec 1 dîner,Phnom Penh,5.0,4.8,4,22.0
Siem Reap : Aventure au coucher du soleil dans la campagne,Siem Reap,3.5,4.783268482490272,100,13.0
Phnom Penh : atelier de fabrication de bracelets et bagues en bois de la montagne Kirirum,Phnom Penh,1.5,4.783268482490272,100,30.0
Siem Reap : visite guidée d''Angkor en groupe d''une journée avec guide en espagnol,Siem Reap,8.0,5.0,1,43.0
Coucher de soleil sur le lac Tonle Sap et visite d''un village flottant,Tonle Sap,4.0,4.783268482490272,100,38.0
Visite privée la cascade de Kulen,Siem Reap,7.0,4.4,100,72.0
Visite des villages flottants et coucher de soleil sur le Tonlé Sap,Battambang,5.0,4.7,20,42.0
"Phnom Penh : Visite guidée à vélo et en bateau, collations et bières incluses.",Phnom Penh,4.0,4.7,7,47.0
Vie nocturne trois heures visites culinaires,Siem Reap,1.5,4.3,3,23.0
"Journée complète : train de bambou original, Wat Banan, Phnom Sampov",Siem Reap,10.0,5.0,1,13.0
Excursion d''une journée à Koh Ker et Beng Mealea depuis Siem Reap,Siem Reap,24.0,4.7,100,55.0
Siem Reap : Visite guidée en Vespa au coucher du soleil et villages locaux,Siem Reap,4.0,4.7,3,37.0
Siem Reap : Visite guidée en Vespa du village flottant au coucher du soleil en bateau,Siem Reap,4.0,5.0,5,51.0
Visites guidées privées d''Angkor Wat au lever du soleil à Banteay Srei,Siem Reap,9.0,5.0,3,115.0
Siem Reap : Chute d''eau du mont Koulen +Beng Mealea avec guide,Siem Reap,8.0,4.783268482490272,100,128.0
Visite naturelle de la ferme aux poivres. Grotte /Lac/ déjeuner inclus,Kampot,7.0,4.9,100,36.0
Siem Reap : Bodia Classic - Massages d''aromathérapie,Siem Reap,1.5,3.8,100,31.0
Siem Reap : Cours de poterie avec transfert aller-retour,Siem Reap,0.75,5.0,2,22.0
Stand de tir au Cambodge Visite touristique de Phnom Penh,Phnom Penh,2.0,5.0,1,40.0
Visite en petit groupe ou privée | Tunnels de Cu Chi et delta du Mékong,Kompong Thom,24.0,4.0,100,37.0
Au départ de Siem Reap : visite d''une journée à Battambang avec Bamboo Train ...,Siem Reap,13.0,5.0,1,116.0
Explorez Angkor avec coucher de soleil,Siem Reap,8.0,4.8,100,17.0
"Visites privées Angkor wat, Thom et temple en petit groupe",Siem Reap,8.0,4.783268482490272,100,55.0
"Kampot : Visite des champs de sel, de la ferme de poivre et du lac secret",Kampot,5.0,4.783268482490272,100,84.0
Siem Reap : Angkor Wat en trois jours,Siem Reap,72.0,4.783268482490272,100,400.0
Siem Reap : visite guidée avec petit-déjeuner local,Siem Reap,3.0,5.0,1,33.0
"Tonle sap, Kompong Phluk (village flottant)",Tonle Sap,5.0,4.7,3,17.0
Visite en petit groupe de Phnom Penh,Phnom Penh,5.0,4.6,80,42.0
Circuit des chutes d''eau de Kulen et des 1000 Lingas,Siem Reap,24.0,5.0,1,38.0
"Circuit de 2 jours à Angkor, Banteay Srei et la cascade du mont Kulen",Siem Reap,48.0,5.0,2,107.0
Séance photo professionnelle dans le parc archéologique d''Angkor,Siem Reap,6.0,5.0,3,115.0
Phnom Penh : visite guidée en tuk-tuk à la découverte du street art et des nouilles,Phnom Penh,3.0,5.0,2,30.0
Siem Reap : Excursion en quad dans la campagne,Siem Reap,1.5,5.0,2,42.0
Billets pour le musée national d''Angkor avec prise en charge et retour,Siem Reap,2.0,5.0,1,18.0
Croisière commentée au coucher du soleil à Phnom Penh et visite de la ville en soirée Aventure Vespa,Phnom Penh,4.5,5.0,5,38.0
"3 jours - Angkor Wat, tous les principaux temples et la cascade du mont Kulen",Siem Reap,72.0,5.0,3,170.0
Demi-journée au Killing Field et au musée du génocide S21,Phnom Penh,4.0,5.0,2,111.0
Siem Reap : Visite de la campagne et de la ferme de la soie en jeep,Siem Reap,4.0,5.0,2,43.0
Visite privée en tuktuk au lever du soleil d''Angkor Vat à Siem Reap,Siem Reap,8.0,5.0,2,28.0
Siem Reap : Découvrez les temples d''Angkor : visite privée de 2 jours,Siem Reap,48.0,5.0,2,84.0
Croisière commentée à Kompong Phluk (village flottant et forêt de mangroves),Kompong Phluk,4.0,4.783268482490272,100,57.0
"Visite d''une demi-journée du Palais royal, de la Pagode d''argent et du Wat Phnom",Phnom Penh,4.0,4.7,100,111.0
Phnom Penh : visite d''une jounée avec un guide expérimenté,Phnom Penh,8.0,5.0,1,125.0
Visite privée d''une journée dans la capitale Phnom Penh,Phnom Penh,6.0,5.0,3,64.0
Kampot ~Côté comté/ferme de poivre/marché de crabe de Kep,Kampot,7.0,4.9,100,47.0
Visite de Phnom Penh avec chauffeur de tuk tuk anglais,Phnom Penh,2.0,4.1,100,26.0
"Excursion d''une journée à Angkor Wat, Bayon et Ta Prohm au départ de Siem Reap",Siem Reap,9.0,5.0,1,38.0
Visite privée d''une jounée du train de bambou de Battambang au départ de Siem Reap,Siem Reap,10.0,5.0,1,169.0
Dîner au coucher du soleil à SiemReap en charrette à bœufs dans une rizière,Siem Reap,4.0,5.0,3,117.0
"Visite de la ferme aux poivrons, du lac secret et du marché aux crabes de Kep...",Kep,6.5,5.0,1,37.0
Circuit de 3 jours à Angkor Vat avec la montagne Kulen et le village flottant,Montagne Kulen,72.0,4.9,10,118.0
Billets pour le musée national d''Angkor avec prise en charge en tuk-tuk,Siem Reap,2.0,5.0,6,18.0
Siem Reap : Location de vélos,Siem Reap,8.0,4.8,8,7.0
Phnom Penh : visite du musée S21 Tuol Sleng et des Killing Fields,Phnom Penh,5.0,5.0,4,15.0
Visite d''une jounée à Phnom Penh,Phnom Penh,6.0,5.0,2,38.0
Excursion d''une journée en petit groupe au lever du soleil dans les temples d''Angkor,Siem Reap,8.0,5.0,1,16.0
Retour aux sources : Visite de la vie du village au départ de Siem Reap,Siem Reap,4.0,5.0,8,58.0
Siem Reap : Circuit de 4 jours à Angkor Wat et Beng Mealea,Siem Reap,96.0,5.0,5,344.0
Visite d''une demi-journée à Phnom Penh,Phnom Penh,4.0,4.3,3,15.0
Le spectacle au théâtre Apsara comprend le dîner et la prise en charge à l''hôtel.,Siem Reap,2.5,5.0,1,38.0
Angkor Wat : Tuk Tuk et visite à pied,Angkor Wat,7.0,4.9,12,40.0
Kampot : massage classique Nibi d''une heure et expérience thermale,Kampot,720.0,4.783268482490272,100,46.0
Visite de la ville de Phnom Penh + tour en bateau sur le Mékong,Phnom Penh,10.0,4.6,8,166.0
Angkor Wat : visites privées de 2 jours pour la famille,Angkor Wat,48.0,5.0,1,187.0
Visite privée d''une journée avec lever de soleil à Angkor Vat,Siem Reap,24.0,5.0,2,115.0
1 journée de visite privée d''Angkor Wat avec guide espagnol.,Siem Reap,24.0,5.0,5,106.0
Visite des sites incontournables de Phnom Penh avec les Killing Fields et la prison S-21,Phnom Penh,24.0,5.0,1,23.0
Siem Reap : Angkor Sunset Tour en Jeep avec tour en bateau,Siem Reap,4.0,4.9,100,67.0
Visite à pied de la montagne Kulen,Montagne Kulen,8.0,4.783268482490272,100,47.0
Battambang : excursion d''une journée au départ de Siem Reap et transfert personnalisé,Battambang,14.0,4.6,100,13.0
Siem Reap : Excursion au lever du soleil à Angkor Wat avec un petit groupe,Siem Reap,8.0,4.0,5,11.0
Visite privées temples de Koh Ker et de Beng Meala,Koh Ker,6.0,4.783268482490272,100,106.0
"La campagne de Kampot comprend la ferme de poivrons, le marché aux crabes de Kep et la plage.",Kampot,8.0,5.0,4,43.0
Phnom Penh : promenade nocturne à la découverte des restaurants locaux,Phnom Penh,3.0,4.8,100,16.0
Excursion au Grand Cercle incluant Banteay Srey et Banteay Samre,Banteay Srei,6.0,5.0,1,140.0
Découvrez l''enchantement du village flottant de Chong Kneas,Battambang,4.5,5.0,1,21.0
Visite des temples d''Angkor à Siem Reap avec Tuk Tuk,Siem Reap,2.0,4.1,100,18.0
Siem Reap : visite en Jeep d''Angkor Wat hors des sentiers battus,Siem Reap,6.5,5.0,1,64.0
Excursion d''une journée à Angkor Wat avec coucher de soleil sur la colline de Bakheng,Siem Reap,24.0,4.7,100,115.0
Siem Reap : Visite privées temples d''Angkor en Tuk Tuk,Siem Reap,24.0,5.0,6,21.0
"Train de bambous, temple de Banann, chauve-souris frugivore, grotte des chauves-souris, coucher de soleil",Banann,10.0,4.0,3,38.0
Kratie : demi-journée d''aventure en kayak avec observation des dauphins,Kratie,5.0,5.0,1,64.0
Phnom Phnom : Visite à pied du marché local et de la culture de la ville,Phnom Penh,3.0,5.0,3,16.0
Taxi de Siem Reap à Phnom Kulen (parc national) Meilleur chauffeur,Siem Reap,6.0,4.9,100,106.0
Hi-Tea de l''après-midi + Village flottant à Siem Reap,Siem Reap,5.0,4.6,100,60.0
Siem Reap : Journée complète dans les temples avec transport privé,Siem Reap,8.0,5.0,23,40.0
Un après-midi d''art contemporain à Phnom Penh en Tuk Tuk,Phnom Penh,3.5,5.0,6,38.0
"Visites privées des temples sur 2 jours, déjeuner inclus",Siem Reap,24.0,5.0,1,149.0
"Siem Reap : Visite d''Angkor Wat, Angkor Thom et Banteay Srei",Siem Reap,24.0,5.0,2,132.0
Siem Reap : Guide de la région et aliments de rue au Cambodge,Siem Reap,10.0,5.0,3,47.0
Visite culinaire matinale à Battambang,Battambang,5.0,4.783268482490272,100,40.0
"Découvrez le meilleur de Phnom Penh, capitale du Cambodge",Phnom Penh,8.0,5.0,1,51.0
"Lever de soleil privé à Angkor, petit-déjeuner du guide et Tuktuk inclus",Siem Reap,7.0,3.7,3,41.0
Excursion à vélo au lever du soleil à Angkor Wat avec déjeuner inclus,Siem Reap,8.0,5.0,8,43.0
Visite des temples d''Angkor Vat en voiture avec lever de soleil en option,Siem Reap,24.0,5.0,2,27.0
Visite culinaire en tuk tuk à Siem Reap,Siem Reap,4.0,5.0,1,59.0
Siem Reap : Visite d''Angkor Wat et du temple de Banteay Srei,Siem Reap,24.0,5.0,1,132.0
"Angkor Wat : Lever du soleil 2,5 jours Temples et Tonle Sap - Petit groupe",Angkor Wat,60.0,5.0,8,56.0
"Points forts d''Angkor Wat, Ta Prohm et Angkor Thom",Siem Reap,8.0,4.3,18,17.0
Lever de soleil à Angkor Wat et journée complète avec des temples fascinants,Siem Reap,7.0,5.0,2,34.0
"Lever de soleil sur Angkor Wat, Banteay Srei, Bayon et Ta Prohm",Siem Reap,8.0,4.7,7,101.0
Visite d''Angkor d''une jounée (journée intense pour découvrir le maximum),Siem Reap,10.0,5.0,2,94.0
Siem Reap: visite du lever du soleil et du marché d''Angkor Wat en jeep,Siem Reap,8.0,5.0,5,93.0
Battambang : visite privée d''une jounée avec 9 sites incontournables,Battambang,10.0,4.8,100,85.0
"Spectacle du théâtre Apsara, avec dîner et prise en charge à l''hôtel",Siem Reap,1.5,5.0,3,25.0
Visite du champ de bataille de Phnom Penh et de la prison de Toul Sleng,Phnom Penh,2.0,5.0,1,13.0
Phnom Penh : Marché du matin et visite guidée du petit-déjeuner en tuktuk,Phnom Penh,3.0,5.0,7,42.0
Ferme de poivre de Kampot et excursion en kayak autour de la cathédrale verte au coucher du soleil,Kampot,7.0,5.0,1,37.0
Angkor Wat : Angkor Sunrise Tour -Join-In-Tour,Angkor Wat,6.0,5.0,2,17.0
Découvrir Angkor Wat à vélo et au coucher du soleil,Siem Reap,9.0,4.8,6,43.0
Siem Reap : Visite privée d''Angkor Wat et du Mont Bakheng au coucher du soleil,Siem Reap,4.0,4.9,18,50.0
Visite privée d''une jounée à Angkor Wat au lever du soleil,Siem Reap,8.0,5.0,3,45.0
Angkor Bike tour en bateau & Gondola Sunset Boat,Siem Reap,5.0,5.0,2,31.0
Siem Reap à Phnom Penh Visite d''une jounée en terre/croisière commentée (aller simple),Siem Reap,9.0,4.3,100,169.0
Visite privées sites incontournables et des trésors cachés de Siem Reap avec un guide,Siem Reap,6.0,4.6,100,34.0
"Angkor Wat, visite privée en petit circuit avec Banteay Srei",Siem Reap,24.0,4.7,3,132.0
Excursion au lever du soleil à Angkor Wat et au village flottant du lac Tonle Sap,Siem Reap,8.0,5.0,1,67.0
Siem Reap : Visite privée d''une jounée des temples en voiture ou en minivan,Siem Reap,7.0,5.0,2,26.0
Siem Reap : visite guidée des temples de Baddish et de la ville à pied,Siem Reap,3.0,4.7,100,21.0
Visite d''une journée et demi-journée à Battambang,Battambang,36.0,5.0,3,69.0
Zipline d''Angkor et découverte du point culminant d''Angkor Wat avec coucher de soleil,Siem Reap,8.0,5.0,1,145.0
Trusty Tuk Tuk,Siem Reap,24.0,5.0,4,17.0
"Siem Reap : Visite guidée d''Angkor Wat, Bayon et Ta Prohm",Siem Reap,8.0,4.7,6,15.0
Tour des principaux temples d''Angkor Wat au lever du soleil (petit-déjeuner inclus),Siem Reap,8.0,4.5,100,19.0
Siem Reap : 8 heures de randonnée en quad dans la campagne,Siem Reap,8.0,5.0,1,159.0
Banteay Srei et Grand Tour privés conduits par un guide expert,Banteay Srei,8.0,5.0,1,57.0
Observation des oiseaux et circuit découverte dans la biodiversité de Pearaing,Kampong Cham,4.5,5.0,100,83.0
Phnom Penh : Visite privée personnalisée avec un guide local,Phnom Penh,8.0,5.0,1,60.0
Siem Reap : Outside Circle Private Car Tour Banteay Srei etc.,Siem Reap,8.0,5.0,1,75.0
Journée complète : Ruines de Highlight et village flottant,Siem Reap,7.0,5.0,2,38.0
Excursion de 2 jours avec coucher et lever de soleil à Siem Reap,Siem Reap,48.0,4.7,100,201.0
"Phnom Penh : Killing Fields, Tonle Bati, et Phnom Chisor ...",Phnom Penh,7.5,5.0,1,94.0
Excursion Privée et Visite Guidée des Temps Forts de la Ville,Siem Reap,3.0,4.783268482490272,100,1021.0
Visite privée d''Angkor Wat au coucher du soleil,Siem Reap,24.0,4.8,100,81.0
3 jours d''aventure à Angkor avec chutes d''eau et village flottant,Siem Reap,72.0,5.0,2,234.0
Stand de tir Phnom Penh Kampot Kep Sihanoukville Cambodge,Phnom Penh,24.0,5.0,1,51.0
Visite privée Koh Ker et des temples de Beng Mealea,Koh Ker,9.0,5.0,1,95.0
Visite du musée du génocide de Toul Sleng et Choeung Ek à Phnom Penh,Phnom Penh,4.0,4.783268482490272,100,23.0
"Découvrir Angkor Wat au lever du soleil, Bayon, Ta Prohm en petit groupe",Siem Reap,8.0,5.0,1,15.0
"Palais royal, génocide S-21, musée national et champ d''exécution",Phnom Penh,9.0,4.5,100,27.0
Cours de poterie à Siem Reap avec prise en charge et retour,Siem Reap,0.75,4.6,100,22.0
Excursion d''une journée à Angkor Wat avec lever de soleil,Siem Reap,24.0,4.2,5,132.0
Excursion privée d''une journée - Temple de la pyramide de Koh Ker et Beng Mealea,Koh Ker,24.0,5.0,1,115.0
Visite privée du grand cercle d''Angkor Vat à Siem Reap,Siem Reap,8.0,5.0,2,38.0
Excursion guidée de 2 jours à Angkor Wat et au mont Kulen avec pique-nique,Siem Reap,48.0,5.0,1,67.0
Depuis Phnom Penh : Excursion à Kampong Cham avec Nokor Bachey ...,Phnom Penh,24.0,4.7,100,224.0
Demi-journée privée au Killing Field et au musée du génocide S21,Phnom Penh,4.0,5.0,1,55.0
"Au départ de Siem Reap : visite privée de Preah Khan, Neak Pean et Pre Rup",Siem Reap,7.0,5.0,100,20.0
Siem Reap : Visite culinaire du soir Visite guidée et unique,Siem Reap,4.5,5.0,2,36.0
Excursion en jeep au coucher du soleil dans la campagne,Siem Reap,4.0,4.6,100,43.0
Siem Reap : visite authentique d''un village écologique et cours de cuisine,Siem Reap,7.0,5.0,1,50.0
2 jours de visite guidée privée au Cambodge dans les temples d''Angkor,Siem Reap,48.0,5.0,2,101.0
Siem Reap : Dîner-spectacle Danse Apsara Round Pick-up inclus,Siem Reap,3.0,5.0,1,26.0
Phnom Penh : Visite d''une jounée de la ville avec le Palais Royal et ...,Phnom Penh,24.0,4.7,100,133.0
"Battambang, train de bambous, grotte de la mort depuis Siem Reap",Siem Reap,10.0,4.7,100,67.0
Explorer Phnom Penh : Un guide complet de la ville,Phnom Penh,7.0,4.8,100,56.0
Les saveurs du crépuscule de Siem Reap incluent le dîner,Siem Reap,3.5,5.0,13,56.0
Koh Rong Samloem : Excursion d''une journée depuis Phnom Penh - Randonnée et plongée en apnée,Koh Rong Samloem,14.0,4.6,100,183.0
Siem Reap : Angkor Eye Standard Ride Ticket avec prise en charge,Siem Reap,24.0,4.6,100,22.0
"Siem Reap : Banteay Srei, Beng Mealea, et visite de groupe à Rolous",Siem Reap,24.0,4.7,100,144.0
Phnom Penh : expérience privée de 2 heures de Kun Khmer,Phnom Penh,2.0,4.783268482490272,100,72.0
Visite privée Phnom Penh avec guides locaux en anglais et chauffeur,Phnom Penh,24.0,3.9,100,21.0
Excursion en tuk-tuk au lever du soleil à Angkor Wat - Excursion à Siem Reap,Siem Reap,8.0,5.0,1,14.0
"Excursion privée à Banteay Srei, au groupe Rolous et au lac Tonle Sap",Tonle Sap,24.0,4.3,3,69.0
Phnom Penh : visite du village avec cours de cuisine et cours sur les huiles essentielles,Phnom Penh,36.0,5.0,100,67.0
Phnom Penh : billet d''entrée au parc aquatique Garden City,Phnom Penh,24.0,4.783268482490272,100,22.0
"Taxi de Phnom Penh à Siem Reap, temple d''Angkor et retour",Siem Reap,24.0,4.9,100,153.0
PhnomPenh : Découvrez l''expérience non locale de la vie de la ville,Phnom Penh,3.0,5.0,1,16.0
Phnom Penh : visite guidée sur le thème du street art et de la visite culinaire avec prise en charge et bière,Phnom Penh,4.0,5.0,100,33.0
Circuit de 2 jours à Angkor Wat avec lever et coucher du soleil - Siem Reap,Siem Reap,48.0,4.4,100,40.0
Lever de soleil à Angkor Wat avec un groupe de partage,Siem Reap,24.0,5.0,2,21.0
Battambang Tuk Tuk Tour par M. Han,Battambang,10.0,5.0,1,21.0
Transfert panoramique de Phnom Penh à Siem Reap avec visites touristiques,Siem Reap,240.0,4.7,100,102.0
Siem Reap : Visite des temples d''Angkor - Visite guidée - Guide touristique,Siem Reap,8.0,3.0,3,19.0
L''expérience locale la plus authentique de Battambang,Battambang,24.0,5.0,1,42.0
Siem Reap : Cours de cuisine privé avec visite du marché,Siem Reap,3.5,5.0,100,55.0
Guide local parlant français pour la visite de jour d''Angkor Wat,Siem Reap,24.0,5.0,1,50.0
Mad Monkey Siem Reap Sunrise Angkor Wat Temple Tour,Siem Reap,24.0,3.7,6,18.0
Siem Reap : Mini-visite en tuk-tuk dans les coulisses,Siem Reap,3.0,5.0,1,48.0
Excursion d''une journée au parc national de Bokor depuis Phnom Penh avec guide touristique,Phnom Penh,24.0,4.9,100,241.0
Siem Reap : Visite d''une jounée des temples d''Angkor Wat avec coucher de soleil,Siem Reap,9.0,5.0,7,17.0
Journée VIP Angkor Tiger & expérience culinaire au Labyrinth,Siem Reap,5.5,4.783268482490272,100,85.0
Circuit de deux jours dans le delta du Mékong,Delta du Mékong,48.0,5.0,1,241.0
Siem Reap : 8 heures de visite à moto des Trésors oubliés,Siem Reap,8.0,4.783268482490272,100,66.0
Sihanoukville : visite guidée du parc national de Ream avec déjeuner,Sihanoukville,8.0,4.783268482490272,100,118.0
"Phnom Penh : Ville (pas de génocide) TaPhrom, Tonle Bati Lake Tour",Phnom Penh,8.0,5.0,1,43.0
Visite guidée d''Angkor Wat au lever du soleil,Siem Reap,7.0,3.7,3,21.0
Au départ de Siem Reap : 7 jours d''excursion au Cambodge,Siem Reap,168.0,4.7,100,1255.0
Visite d''une jounée de la montagne Oudong - Phnom Penh,Phnom Penh,7.0,5.0,2,51.0
Visite d''Angkor Wat en petite jounée à Siem Reap en petit groupe,Siem Reap,8.0,4.9,100,21.0
Visite des temples d''Angkor en petit comité,Siem Reap,24.0,4.7,100,16.0
"Restaurant buffet Tonle Bassac II à Phnom Penh, Cambodge",Phnom Penh,3.0,4.7,100,10.0
Siem Reap : Excursion guidée d''une journée dans un village local et cours de cuisine,Siem Reap,4.0,5.0,2,33.0
"Excursion à Sambor Preikuk, Kuhak Nokor et Spider Market",Sambor Preikuk,24.0,5.0,1,134.0
Siem Reap : billet d''entrée au musée national d''Angkor,Siem Reap,24.0,4.6,100,13.0
Coucher de soleil sur Angkor Wat en privé et en petit groupe,Siem Reap,9.0,4.3,3,15.0
Sihanoukville : visite d''une jounée au village de Koh Kjorng à la campagne,Sihanoukville,4.0,4.4,100,55.0
Siem Reap : Visite des temples d''Angkor à vélo hors des sentiers battus,Siem Reap,8.0,5.0,2,55.0
Visite en taxi de la colline de Bokor,Bokor,6.0,4.5,100,74.0
Siem Reap : Excursion à Koh Ker et aux temples de Beng Mealea,Siem Reap,8.0,4.5,4,144.0
Partage de la visite du temple d''Angkor avec coucher de soleil,Siem Reap,24.0,4.9,8,16.0
Visite des sites incontournables d''Angkor et coucher de soleil,Siem Reap,9.0,5.0,3,23.0
Siem Reap : Angkor Wat : visite en petit groupe avec coucher de soleil,Siem Reap,10.0,4.8,4,15.0
Visite guidée d''Angkor Wat à Siem Reap - petit groupe,Siem Reap,8.0,5.0,2,14.0
Visite en petit groupe d''Angkor Wat au lever du soleil à Siem Reap,Siem Reap,8.0,5.0,1,21.0
Au départ de Siem Reap : Parc national du Phnom Kulen et visite de Beng Mealea,Siem Reap,8.0,4.783268482490272,100,83.0
Siem Reap: visite de Tonlé Sap et Kampong Phluk avec cuisine de rue,Siem Reap,6.5,4.7,7,47.0
Au départ de Siem Reap : excursion à Banteay Chhmar et Banteay Toap,Siem Reap,24.0,4.7,100,255.0
Siem Reap : visite guidée pour observer les oiseaux au lever du soleil,Siem Reap,3.0,4.783268482490272,100,50.0
Siem Reap : visite du marché nocturne et cours de cuisine,Siem Reap,24.0,4.9,100,24.0
Kep : aventure en kayak avec Discovery Center,Kep,4.0,4.783268482490272,100,85.0
Billet pour le match des Angkor Tigers et expérience culinaire au Labyrinth,Siem Reap,5.5,4.783268482490272,100,38.0
Forfait bien-être Flying Cloud au Nibi Spa Kampot,Kampot,336.0,4.783268482490272,100,77.0
Siem Reap : visite de la ferme de soie et du village flottant de Mechrey,Siem Reap,6.0,5.0,100,47.0
Visite de dégustation de plats locaux et de cocktails au Cambodge,Siem Reap,4.5,4.783268482490272,100,59.0
Battambang : excursion à la grotte des chauves-souris avec un tour en train bambou,Battambang,7.0,4.783268482490272,100,20.0
